"inspectionId","response"
1319523,0.821560294134542
1271208,0.52230403246358
659700,0.135970763396472
614596,0.874055672436953
1271460,0.894290992058814
567589,0.24306505615823
1345457,0.744066333398223
1154251,0.895368520636111
1292213,0.694688160903752
1188316,0.310930385487154
1138954,0.316948598483577
1098820,0.663453243207186
1345460,0.67655382421799
1324209,0.291630391729996
529301,0.73553996742703
509408,0.116579444147646
509379,0.957280096132308
1154807,0.759884174680337
1114974,0.470106378663331
1114401,0.50732318055816
1234383,0.94297161931172
1300296,0.80147001799196
1184377,0.303972062189132
586269,0.965029903221875
1092530,0.381037686020136
1292369,0.308043539756909
604460,0.134480082662776
1188217,0.787568755215034
1234704,0.508244008524343
1184422,0.760186531813815
1188214,0.248241249471903
1324421,0.192321855807677
1324342,0.381372480187565
604488,0.716495528584346
577734,0.231457339134067
1234633,0.119745783740655
634889,0.957509524188936
509383,0.343145468505099
1324246,0.885006047785282
1098523,0.129248527111486
1196266,0.907374993897974
1301153,0.631618237355724
664221,0.554324258351699
1092553,0.669255759101361
1300961,0.197045795153826
1292358,0.477318797260523
670858,0.892598876263946
670877,0.140587558737025
1327030,0.514055054169148
1235284,0.599565309938043
1292227,0.855040492024273
1322554,0.630897133611143
679707,0.135114016011357
1286257,0.380796235287562
1234771,0.374392060795799
1227777,0.0767870298586786
1353868,0.0226485701277852
1353838,0.595799954375252
547710,0.841455210698768
1198714,0.434243077877909
670508,0.690472153015435
1235931,0.38427588227205
1151447,0.00553154572844505
1234908,0.973650514381006
1196230,0.362857699394226
1300718,0.745105166686699
1134671,0.483685370301828
1229575,0.841165325604379
1166280,0.37515561375767
1324384,0.486532307695597
519264,0.550915775820613
521979,0.676613460760564
1110304,0.939275471027941
1319394,0.474956532707438
1345463,0.822267781477422
1271505,0.656181312631816
1313258,0.246533227153122
1234440,0.38325924333185
1106615,1.76166649907827e-05
1084421,0.875363203464076
1322088,0.584309224039316
634723,0.0356913288123906
598597,0.450965161900967
1098867,0.55568316904828
1092476,0.639625375857577
1092516,0.966072027338669
614457,0.141032926738262
1138625,0.398348829243332
1188380,0.233339624246582
1277363,0.743430435657501
517553,0.704710286809132
1234823,0.0594116721767932
557550,0.0192935289815068
1353767,0.417295697377995
1138883,0.990791589254513
1345484,0.902473147958517
1335777,0.578523865202442
1324245,0.394094768445939
1271395,0.884871240472421
1271393,0.377713887253776
1336042,0.386863730382174
1106564,0.820858357707039
1286022,0.435928013408557
670681,0.290139559423551
1106215,0.232332828454673
569721,0.328098175814375
1194251,0.759552755858749
547887,0.826729997759685
509425,0.370462474413216
1092331,0.675375976366922
1098470,0.352490864228457
1092421,0.227595048723742
1322380,0.917534985812381
1202679,0.661175959743559
1353736,0.779617517022416
1235578,0.288261474808678
679260,0.966572640929371
1154903,0.0864869568031281
1151130,0.285676001803949
659352,0.365559610305354
1188328,0.0370898926630616
1285995,0.440536975394934
614535,0.637820115778595
1114765,0.335678420029581
1138209,0.463727526832372
1096455,0.740295940311626
1324579,0.816796848084778
679461,0.320765936281532
1336154,0.373402242315933
1184395,0.826256715226918
1324502,0.595776140457019
1134277,0.575404964853078
509384,0.055250370875001
666268,0.076167780905962
1327242,0.790483558317646
1234350,0.610382789745927
1329329,0.152774312533438
1214638,0.806111002340913
671130,0.345258044311777
659924,0.358584607951343
1277709,0.148092210991308
1292280,0.458648940548301
1092394,0.580057502025738
1151116,0.275608719559386
1092252,0.164980874862522
539626,0.61687282496132
1098828,0.620034385239705
565572,0.806323227239773
1099037,0.464361011516303
1327295,0.930053453426808
1343405,0.219677973305807
659252,0.575316269882023
1319504,0.717920495895669
569680,0.288606382673606
1114619,0.658972202334553
1345453,0.760369355324656
1319503,0.564242901979014
1345419,0.850639490876347
1300767,0.844679912552238
1326698,0.399384017800912
1365226,0.667384520871565
1102220,0.941175353480503
614633,0.0949770521838218
1324525,0.550800936063752
659388,0.257867390522733
1336014,0.14992165286094
539576,0.833402342395857
598541,0.658671727171168
1354201,0.156916705425829
565523,0.0394385454710573
670351,0.859508508117869
537601,0.486566282808781
1114860,0.844711055979133
598522,0.777830785140395
1285698,0.768570919986814
1343401,0.757695059059188
1106737,0.263456190936267
1322434,0.7325598616153
1214285,0.893561275675893
664286,0.618828094564378
1154640,0.861057979054749
1146279,0.725135611370206
1327019,0.864454289199784
1114207,0.878664083546028
1096415,0.56694352440536
1329308,0.354530251584947
557531,0.567817693343386
1154371,0.271372128976509
569782,0.0149407114367932
598518,0.139136345591396
1279254,0.173250103136525
1151529,0.796804365003482
1235627,0.437346707563847
521847,0.649523106170818
1098239,0.951157438568771
604599,0.972847053548321
1326271,0.574974398361519
1184287,0.433388430159539
1088209,0.554908854188398
1072377,0.819486833177507
537891,0.715967848431319
1307227,0.868779828306288
1098487,0.711116411723197
1305348,0.957277842797339
509466,0.149307367624715
569555,0.272048922255635
1301193,0.214974720031023
1353429,0.278521961532533
670693,0.216026869835332
1329285,0.0958031343761832
1229825,0.0805793108884245
1151353,0.397454724647105
1319608,0.908632552949712
1329338,0.080779348500073
569631,0.386881982674822
1322070,0.983752077911049
1092387,0.847330549033359
1188405,0.066555745434016
1234969,0.759002139326185
1202721,0.456973399734125
659404,0.241024193586782
1335502,0.297082376200706
670941,0.747299778740853
1150386,0.0541109207551926
1134366,0.708961310330778
1319554,0.69182105246
1343235,0.455369139555842
670382,0.148736774455756
598591,0.831325615523383
1327122,0.522929282160476
1321836,0.988070581108332
1118266,0.642812309553847
670302,0.967933352803811
670235,0.222292832098901
529381,0.643594589782879
1285580,0.917102553183213
598529,0.523453186964616
1099025,0.300608102697879
569558,0.784680331125855
1322099,0.134219391504303
1134230,0.940562398172915
1118241,0.793601875426248
1353501,0.703190153464675
679500,0.653431112878025
1184448,0.704151475569233
565485,0.282330725574866
1114812,0.323189228074625
1098355,0.91729590203613
1098347,0.561832887819037
659553,0.985774937318638
1138794,0.758174870861694
1206360,0.496528942370787
1300298,0.660285042133182
666238,0.460537506500259
1219206,0.402903610607609
1092341,0.830886835232377
1324271,0.802312930347398
1292266,0.570325343869627
1146499,0.313699851743877
1114929,0.0381148420274258
1319206,0.252648949157447
1154414,0.951274800347164
659372,0.45184857910499
634474,0.484317820053548
1229338,0.723827726207674
1324622,0.660003149881959
1322356,0.801511019933969
1092462,0.813579331617802
1110253,0.329559187637642
1092455,0.587300144601613
1206327,0.338534269947559
1228048,0.859083394752815
1166372,0.46054067555815
1285608,0.779117666883394
1301119,0.92154513951391
1166330,0.663152782479301
1114672,0.89368535624817
1166212,0.169656483223662
1138792,0.101220334880054
1353975,0.516855081543326
539431,0.867683619260788
539512,0.229533337289467
1235255,0.645597174530849
1198719,0.120701000560075
1271414,0.85371813760139
1166224,0.162914650980383
1139031,0.953047949355096
659791,0.406076145824045
1151326,0.538982874713838
1335527,0.353949353564531
1114933,0.0653485078364611
1271498,0.634708033176139
1285595,0.303745079552755
1154513,0.0195532143115997
1096481,0.927511188667268
1198322,0.231963833328336
1301173,0.525806606048718
1154907,0.223312861518934
1098415,0.674198482884094
1229751,0.111187329981476
1296398,0.186632945900783
1277420,0.330129237612709
1166304,0.690053106984124
598470,0.722265340154991
555376,0.844870074419305
1098484,0.0205998178571463
1235920,0.75123424641788
660200,0.331388948019594
1313251,0.0621172764804214
670435,0.860731826396659
1305244,0.728665336966515
1206398,0.755585477687418
1324498,0.54494865750894
679439,0.386219621868804
1184420,0.67189177707769
1326372,0.763034062227234
1214344,0.0905562022235245
1301004,0.744674610672519
1353861,0.191227109637111
1285712,0.452407569391653
1230077,0.32791760400869
1206422,0.772696293424815
1322539,0.107628800906241
1301043,0.628108254401013
1092517,0.703185675665736
1354190,0.030393366003409
1150750,0.210633234819397
1285940,0.0848130777012557
1290284,0.448301718803123
1214889,0.421338750747964
1114632,0.768418731400743
1099095,0.258343592053279
1214452,0.104764533927664
1134580,0.449112571543083
679676,0.776784020010382
659447,0.817593405023217
1360522,0.644498296547681
679661,0.256736042210832
1146473,0.446997331921011
1296422,0.895956500666216
1155064,0.85820319945924
1301070,0.0556412781588733
1360388,0.288542716298252
679633,0.225692618405446
598414,0.590209593065083
1322550,0.282926150597632
1235780,0.971744546899572
521931,0.61937032151036
1301163,0.313330348348245
1285293,0.244086264399812
1345425,0.681685695890337
1096361,0.104513516882434
612573,0.915334270102903
1138714,0.123774015810341
1343318,0.846161532215774
509387,0.985427232692018
1277380,0.0488223338034004
1360312,0.747746595647186
1080211,0.482319568516687
1146293,0.0454697313252836
1227676,0.0730316850822419
671003,0.607462338171899
1098339,0.724875822663307
1098271,0.197111804271117
1321987,0.631138086086139
634569,0.948031150735915
1326390,0.851289271377027
1146290,0.419449709821492
1110230,0.29524439573288
1292368,0.8742344181519
1335229,0.637867384357378
1322423,0.53613795991987
1092221,0.857685271184891
1106620,0.699334284290671
1114522,0.758934173034504
1292278,0.0700678650755435
1188688,0.783294049557298
1188249,0.446874350542203
1329362,0.881565273506567
1271254,0.298892567865551
1327040,0.447706036502495
1146399,0.464025324676186
659477,0.40824818238616
1138727,0.904657353647053
509347,0.400976224802434
1202364,0.378241408849135
1158265,0.632604161975905
529527,0.235109263332561
1155066,0.42959351837635
1188664,0.0415419794153422
679762,0.602863484295085
1151192,0.576703382655978
1098938,0.916266445070505
1098374,0.299306753091514
1150673,0.666516539640725
1155008,0.503137157764286
1227771,0.863832612289116
1092472,0.795756380539387
679943,0.189845229033381
876225,0.270724168978631
565483,0.913790306774899
664287,0.951383762760088
1114432,0.168371747713536
876224,0.917756315786391
1301022,0.224880975671113
577719,0.906999590573832
1150918,0.590306260623038
531832,0.172618593322113
1114843,0.925370582845062
664244,0.467115505132824
664228,0.812569508561864
1096448,0.694465428125113
614642,0.328771046828479
614641,0.607735117198899
1285445,0.686617193277925
1321537,0.655314703006297
521938,0.371480290777981
679982,0.710660450160503
531612,0.442095291567966
1294252,0.922135365428403
1198270,0.0165865204762667
1326444,0.21227651508525
657281,0.988684400683269
1184505,0.296923657879233
659732,0.772380887996405
1292238,0.662949815159664
659887,0.376972983358428
679704,0.348447880474851
634725,0.0905844550579786
1198611,0.912579169962555
1360558,0.241871187696233
1138614,0.886748418211937
557682,0.235289517091587
1329217,0.517927686683834
604546,0.484514893963933
1202527,0.567740323487669
635006,0.429751878604293
1184530,0.508298828965053
1146490,0.881714034825563
1279354,0.907245958223939
1146418,0.480725485365838
1271278,0.184676715638489
529297,0.655034971889108
1228001,0.112903661094606
670531,0.751551660010591
1194281,0.834190137917176
1196269,0.137012613704428
1206455,0.816591715905815
1285236,0.776040363358334
1114510,0.808975605294108
567632,0.766921637812629
1313286,0.42426095623523
1106498,0.47910018498078
1326207,0.764049736782908
1198224,0.972621848341078
1154860,0.982861457159743
1326723,0.56818435783498
680160,0.00783727993257344
635052,0.294900598470122
1322025,0.323787916451693
1202502,0.511317126452923
1138234,0.250790203223005
1188504,0.0509704255964607
577730,0.676699148025364
598420,0.00577404978685081
598356,0.482741832500324
1235394,0.0586824300698936
1321532,0.110731106717139
673222,0.976841519353911
1150522,0.487025152659044
1154785,0.392172736814246
1150527,0.913898376049474
670457,0.762429945170879
1139032,0.176682190969586
1092286,0.691285447683185
1154426,0.0501142856664956
626331,0.0261119438800961
1102308,0.252600143896416
1296303,0.103351366473362
1106339,0.78980800951831
1326771,0.993535590125248
1301003,0.921069269068539
1155089,0.982211528345942
1228043,0.173238720744848
1319552,0.137814044719562
1184440,0.129144330043346
557670,0.728170538553968
1335279,0.126675700070336
1138378,0.4533360817004
614470,0.761700223898515
1092212,0.512873352039605
1106775,0.209703341126442
1277617,0.967622308526188
1138521,0.326203724369407
1353541,0.232233729213476
634546,0.401750615099445
1313236,0.710212235804647
659588,0.480613009771332
1271340,0.27886256435886
1098335,0.25843161274679
614614,0.822271721437573
1114320,0.499460930703208
575243,0.806861342163756
1345359,0.786137781804428
679663,0.929399266373366
679365,0.596816060366109
1345454,0.822075384901837
1353447,0.506522917188704
1174561,0.80446705291979
1188629,0.602479113731533
598374,0.899032295681536
1335579,0.629443836398423
1198403,0.540527287404984
1155040,0.0221355906687677
1296233,0.156593974679708
1319519,0.206247046357021
1321632,0.494978942442685
1343312,0.947068195324391
614591,0.791464609792456
531797,0.890394382178783
1150490,0.4879753543064
1150969,0.288027408067137
664370,0.00550881773233414
1134591,0.145771637093276
1300668,0.47348383651115
634656,0.894775426480919
1198541,0.532432318432257
1214875,0.76369474013336
1227409,0.148659382481128
634881,0.102650883607566
569816,0.877714103320614
1098977,0.708515163743868
1234675,0.320341736311093
1229603,0.703194943722337
1098601,0.291691061807796
1271348,0.236618204275146
1166294,0.828562262235209
1184316,0.380639903945848
1151455,0.12781184935011
1300420,0.735981802921742
1114429,0.588336884975433
664266,0.128373267594725
1146344,0.471251446288079
666303,0.634301383746788
1106212,0.782327599357814
1322178,0.360300438012928
876227,0.712453629123047
1227932,0.339403827674687
1326314,0.0710919664707035
569728,0.132421521004289
1072269,0.933282465441152
670590,0.564654851565138
1285356,0.34838854172267
1228062,0.830496772890911
1296510,0.378095285734162
1198513,0.733965512830764
519301,0.785178642021492
1202456,0.110073352698237
1154584,0.710263273911551
1288209,0.0580535107292235
1326597,0.132301960373297
606452,0.347768767736852
1092361,0.885100754443556
1099054,0.504841925343499
1196229,0.00905220652930439
1286115,0.200124555500224
1174343,0.820804298156872
1324432,0.848977080080658
1321519,0.397957320557907
1361242,0.0733095342293382
1286052,0.0276545188389719
1202400,0.00376605545170605
1206424,0.779992796480656
1234721,0.299382479628548
664230,0.941856804536656
1188337,0.863082744413987
1227304,0.153806834714487
1235872,0.118684899993241
1354181,0.0254909221548587
539609,0.68509569298476
1360595,0.464037636993453
1138918,0.0560530025977641
1294246,0.869841729523614
1292354,0.42201528372243
1329417,0.264382774941623
1150679,0.911887407070026
1300949,0.159677497809753
1096362,0.642193039413542
1296419,0.465055895037949
1134409,0.0606149951927364
1235469,0.912548401160166
539505,0.702014354756102
1271219,0.169102645246312
606519,0.58834208897315
1072341,0.594815350836143
634963,0.927505762549117
1292351,0.570210660109296
1234571,0.297444524709135
1202425,0.97905609337613
1290217,0.489857855485752
1166238,0.450232872273773
1151288,0.574559762142599
565591,0.919037534855306
1114700,0.25613285577856
1214858,0.842823065351695
1300744,0.858561049448326
1170347,0.903902393998578
1271283,0.0894767083227634
565635,0.0731568345800042
1313294,0.541688732802868
634599,0.616271789884195
1271479,0.954285683343187
660129,0.905538924504071
547728,0.0304877930320799
1300812,0.0348382166121155
1092537,0.222604271955788
1150227,0.179128964664415
1202715,0.363630689447746
670583,0.330520356073976
1184323,0.153602469479665
1151286,0.963123477529734
671145,0.992298630764708
1098427,0.285528006497771
1300415,0.73586885840632
1235352,0.574728977866471
604513,0.903683181619272
1271391,0.0670989351347089
1353653,0.841798710636795
1158361,0.276099463226274
606508,0.390334937721491
1134754,0.953423018567264
1202281,0.404296552296728
1098386,0.236600461881608
1234779,0.836820841999725
1155094,0.151713237166405
1150419,0.603172538802028
1139061,0.157730285543948
1285281,0.477766261901706
1154555,0.61450357013382
604407,0.477796335238963
1305222,0.906958586536348
1324297,0.0657560285180807
586328,0.00562425097450614
680102,0.630556769669056
1288216,0.281714750220999
1214271,0.781756727490574
1092498,0.192061245907098
1322493,0.979390036780387
1353318,0.193129116902128
1329364,0.571436707861722
1322389,0.210414162371308
1138683,0.248741923132911
1292210,0.86165514565073
614482,0.679736804682761
1227853,0.619099068921059
1326733,0.562891420442611
1343399,0.736759551102296
1322010,0.23696459713392
1279360,0.700923395808786
679791,0.800411231350154
598441,0.661116432165727
670314,0.459544487763196
679403,0.860355516662821
626390,0.237581986701116
1138424,0.174840938765556
1345270,0.370055782608688
1286125,0.863291318528354
1188553,0.864294527797028
577653,0.167586269089952
1307236,0.678370398236439
539503,0.27999943937175
1335543,0.246899854391813
1353702,0.851836856920272
1335880,0.0242023116443306
1353635,0.938846722478047
1360457,0.0503742995206267
1092380,0.862826136872172
1202331,0.280693478183821
1146335,0.73567764274776
1154574,0.930592473130673
1326834,0.0282118625473231
1321625,0.468334145145491
680128,0.307153740897775
598618,0.715747373877093
1335487,0.993086996488273
1099032,0.914361597038805
1277408,0.585779505316168
1202526,0.168306948849931
1098428,0.636154185282066
679577,0.0821751717012376
1353836,0.93403838807717
1110306,0.384831690927967
1326417,0.712808836949989
1335687,0.602938327239826
1138465,0.0768452563788742
1138809,0.126590058207512
1188548,0.672106554498896
555272,0.893733147997409
606436,0.804799195379019
1138832,0.0937015668023378
1343419,0.507142914226279
608267,0.8031287251506
1324430,0.423967133043334
588270,0.485879059880972
1154833,0.929498511832207
545758,0.539465140784159
1098244,0.112591709243134
612481,0.725537031656131
1134295,0.447478394722566
1139020,0.0204122550785542
1345420,0.387436941033229
1324581,0.779960814863443
634904,0.568724361946806
1324476,0.675891797523946
1329317,0.581685805693269
604623,0.581057392759249
679347,0.410294580738991
1296458,0.783258200623095
529398,0.939441810594872
1138759,0.126315783010796
1151244,0.6646210947074
1114259,0.956201596418396
1345384,0.33684428082779
606394,0.586969002149999
1151255,0.602098329924047
509409,0.113199865212664
1154778,0.397933769738302
555355,0.311544891679659
1194210,0.428375002462417
1151248,0.443256997736171
1235360,0.265616885153577
1321287,0.442353303078562
1336191,0.0205662592779845
1092310,0.0720451411325485
1324385,0.507098145317286
1114303,0.861948837060481
1345388,0.310636745532975
1150427,0.402568029239774
1154472,0.724419227335602
1150749,0.277857335982844
577538,0.809863867238164
1138791,0.0223249967675656
604594,0.808481845073402
1098991,0.208619497949257
569795,0.898373986361548
1134700,0.0886047161184251
547769,0.620458392892033
1235922,0.506928118178621
1198480,0.565685024950653
1329477,0.212163006654009
659621,0.739744517253712
1106551,0.219161967048422
1072375,0.781482910038903
569831,0.512820969568565
1114720,0.430203701602295
1235105,0.883008219767362
1322581,0.493100349791348
1138443,0.408859783550724
569699,0.0210254648700356
1360509,0.280605794163421
1322340,0.884237400954589
1138216,0.275739706121385
1353530,0.279535187408328
565657,0.0620733222458512
1277876,0.679914607899264
1162220,0.894373376853764
660183,0.11629301821813
1151179,0.105540024815127
1114471,0.676804723450914
529334,0.421281585702673
1319467,0.98749518673867
1155093,0.398194318870082
545815,0.512703658314422
1227827,0.384753587190062
517722,0.936822927091271
1092345,0.0307278092950583
557529,0.18353644083254
1198301,0.192714543780312
1234332,0.30739178089425
1300814,0.368503692792729
1150331,0.097859566565603
1365231,0.559297717176378
569595,0.737913745222613
1296247,0.083535406505689
1170418,0.926706845173612
660102,0.401578341145068
598400,0.941764055518433
547782,0.306357207009569
1072312,0.000686034560203552
1098449,0.690627139061689
1319609,0.679388689575717
614563,0.783025364624336
1345302,0.795239983825013
1098962,0.859263512538746
1166353,0.706319226417691
1335679,0.108268624637276
1092578,0.250050586415455
1229528,0.162632584804669
1285641,0.325037998845801
1098838,0.162307722726837
545817,0.869252157164738
1313235,0.188750297296792
1154412,0.826930715469643
604442,0.838194465497509
1096289,0.236526404973119
604524,0.967869858955964
1196219,0.315794026711956
1235907,0.197037403471768
1154772,0.678274675505236
1277853,0.733344836160541
659789,0.598323946120217
1329403,0.201452529989183
1228016,0.664984188042581
531664,0.0246869649272412
1319574,0.460078578442335
1080237,0.447895375080407
1092542,0.424835545709357
1099153,0.937366034835577
1329242,0.342008382547647
1227501,0.243976081954315
679626,0.934341243701056
1235786,0.330684556625783
1227842,0.745552188018337
1227535,0.0285118040628731
1151254,0.519562178524211
1151107,0.653438531793654
1319368,0.796622074907646
577541,0.664077314315364
1150457,0.551786709576845
569777,0.404727981192991
1138287,0.104517759056762
673253,0.0517061916179955
1098340,0.168268321780488
1188581,0.717586658196524
1322342,0.560269277077168
1319542,0.217945279087871
1321665,0.158928006654605
1322247,0.179591211257502
1234728,0.858659718185663
1229320,0.0741960515733808
586282,0.413729884661734
1327215,0.651929000392556
1300434,0.0724581032991409
1335404,0.668139644898474
1227309,0.0105558873619884
657328,0.342503423336893
1322293,0.486480580177158
679575,0.639607114717364
1158259,0.466922976775095
1227622,0.394612633390352
1202369,0.25214098743163
1300446,0.985056167468429
529525,0.1579056289047
635074,0.0760592739097774
1098965,0.347612719982862
671198,0.346774399513379
1134293,0.733915470540524
634671,0.689498672494665
555360,0.85558726103045
1214409,0.644293159479275
1234793,0.907022017985582
1099050,0.889048947719857
604473,0.937573281116784
1286224,0.928917760727927
1184311,0.176552831893787
1227351,0.595032344572246
1322421,0.245662743458524
1279326,0.286484058946371
522008,0.505833130795509
1235111,0.179404512280598
547932,0.812751580495387
1138750,0.95391355920583
1114735,0.140394882066175
1202790,0.798118896316737
1277816,0.591312262928113
1138731,0.878415152430534
610280,0.613716224208474
1285387,0.842579073971137
1235679,0.404224136611447
1353214,0.760400101309642
1286204,0.478788353735581
1235663,0.416611501714215
1230135,0.0505572874099016
1300934,0.868440296733752
1353839,0.53033166914247
1154507,0.400466315913945
1114292,0.0216100448742509
1235772,0.798528959276155
660256,0.716534328414127
1092322,0.48546662600711
1300525,0.982812943635508
1098908,0.903158149449155
1214557,0.735101541969925
567593,0.376037800684571
1151554,0.630349315237254
635189,0.742940839845687
1321633,0.579936331836507
1277325,0.584111901232973
1301179,0.29206352122128
1228007,0.622495835646987
529417,0.957336572464556
555235,0.188936710823327
1154970,0.347382464678958
1285535,0.987586881965399
1072330,0.606277111452073
614517,0.828513224842027
664329,0.0529198939912021
1138815,0.586459508165717
1154749,0.19271668093279
1215116,0.243368268478662
635175,0.945658559910953
1324518,0.497035919688642
1202391,0.81772712781094
1227786,0.417420587036759
1327225,0.246027355547994
673252,0.425253492547199
1214903,0.543797775404528
1285317,0.0615480588749051
1184483,0.767546094488353
1198997,0.225802938686684
1114547,0.939656472299248
1166362,0.704237452941015
1322478,0.535487857880071
1151289,0.730797526892275
1098267,0.718488455051556
1106634,0.70740013779141
1154536,0.0310561927035451
1154906,0.141952665988356
1296230,0.238359589828178
1361230,0.339964335551485
1098868,0.749261733843014
1286030,0.281059431144968
1321366,0.497560785617679
1106585,0.694920305395499
670737,0.0738064139150083
1335518,0.88134172395803
586295,0.131625185487792
1188579,0.549382859840989
1098594,0.507766234688461
1234862,0.697844752343372
1084442,0.20376383443363
1174216,0.116902691312134
1092363,0.286210326710716
1296274,0.10661622043699
1286291,0.335316473385319
1151544,0.842941202921793
1202664,0.604393013287336
1092272,0.0204879848752171
1151346,0.708007066743448
1235455,0.392085584811866
539587,0.202397170942277
1285791,0.603424584725872
1300924,0.07455018395558
1353885,0.546941558597609
1285405,0.8420556911733
1353890,0.342214256292209
1354020,0.117522414308041
1234887,0.715816949727014
1345438,0.775045874295756
1138887,0.900602543493733
679688,0.611266247229651
1353575,0.497591009829193
1324558,0.812315685674548
1138541,0.694234417518601
1288217,0.598422368522733
1194253,0.0553273267578334
1188515,0.129022917943075
1138595,0.0800591434817761
1271495,0.236225377302617
1106589,0.248240343527868
1098830,0.559363885316998
1151440,0.785321870353073
670441,0.961273678345606
569684,0.419272325700149
1138675,0.18614059058018
1234344,0.387634503189474
1235834,0.652445183135569
1235748,0.470413639442995
1174569,0.920553162693977
1194252,0.348465708550066
1134371,0.178855192614719
1345485,0.495438230456784
1080206,0.917641529347748
509481,0.646604552865028
1227621,0.878164760768414
1345380,0.196007805876434
567624,0.667700867401436
1096428,0.886562686646357
1096429,0.24561024736613
1096268,0.976779286284
1142238,0.488780253799632
1286126,0.980060023488477
659515,0.209848426748067
1154209,0.490130851045251
1196281,0.66470967582427
1092209,0.357242209836841
1229586,0.0830544107593596
604448,0.760216673603281
1353641,0.100685563636944
517600,0.402236359426752
1329307,0.0285585827659816
1106489,0.58607566752471
1321467,0.658277066424489
1084406,0.0343517467845231
517554,0.373301409650594
1188641,0.599579771282151
517602,0.119971760548651
1072434,0.839252064237371
1324243,0.556234433315694
1229471,0.0253331696148962
1277690,0.212322947802022
1324401,0.600576301570982
1336096,0.716169595951214
1106503,0.0146210864186287
1290222,0.615959187969565
1235631,0.438535779947415
1353579,0.653461159206927
679816,0.461252261418849
547840,0.0315804814454168
1227645,0.00504519068636
577529,0.0361958467401564
1151190,0.0865691851358861
1227759,0.941335398238152
529351,0.476254109293222
1114913,0.745137546211481
1324383,0.599840083159506
1184243,0.922829386312515
1196312,0.214301408268511
1353544,0.512000117683783
1092451,0.800608700839803
1353787,0.227117988513783
679942,0.543929426930845
1092448,0.0992909620981663
1146441,0.544560800073668
1150328,0.316832512849942
1335923,0.0684322172310203
1114909,0.695153697161004
1150806,0.267643359489739
1277765,0.231301645981148
1134683,0.950244047446176
612503,0.0153976934961975
666224,0.536576072219759
588264,0.178583825705573
1230044,0.503711917437613
1114947,0.377446271246299
1184224,0.143386270850897
1361207,0.734265543986112
1324431,0.851413305150345
1099102,0.742765097878873
1277696,0.76287093386054
1365245,0.428464712575078
1184503,0.582685305736959
1329319,0.996423597913235
1098817,0.649462898261845
679618,0.563194738933817
1215069,0.949890062678605
1319659,0.229776761727408
547897,0.912186343455687
1155090,0.956297287717462
1151390,0.633633985649794
1150745,0.121986129088327
1227650,0.139874777058139
1202728,0.882775617530569
521752,0.458580987527966
1184232,0.0902108999434859
1324387,0.203048660885543
1166254,0.621157289249822
1194223,0.0421876397449523
1138613,0.050534859765321
1360481,0.95478487201035
1196304,0.740744300652295
1150455,0.732545499457046
577773,0.217780584236607
1155046,0.246939008589834
1202762,0.0646859400440007
565627,0.153002245817333
1228097,0.832453750539571
1313333,0.806234421208501
1154882,0.354964355938137
1202510,0.525627320399508
1277310,0.93858366063796
567590,0.5850376682356
1327249,0.135014379629865
596446,0.481364604784176
1138928,0.910896284272894
680195,0.414965332718566
1319679,0.608699382282794
1158345,0.123465396696702
1277753,0.858327714493498
1151533,0.401934566674754
1228026,0.790848977398127
1150851,0.475753297563642
1202718,0.309259798610583
1319602,0.455810556653887
1227773,0.075107881333679
1188501,0.785574495326728
1307239,0.475370456697419
1138513,0.970370676368475
1234942,0.924030062044039
529350,0.708914304152131
1139063,0.680939828045666
1277681,0.412939288653433
1098964,0.732922989875078
1110275,0.767921004677191
539467,0.567172647686675
1154502,0.536270929733291
670486,0.391660451656207
1326221,0.0343235209584236
569768,0.0118894160259515
1290277,0.307433642679825
1227597,0.756595941027626
634948,0.60214158333838
1134422,0.515167309436947
1300816,0.590400482993573
1324486,0.542789544677362
1098577,0.716195834102109
671084,0.729206315474585
679608,0.803483446827158
1227601,0.361652466701344
1098678,0.953127393731847
1114799,0.907901773462072
1235608,0.240761054912582
660174,0.171139850979671
1106545,0.806662059156224
1188690,0.808056301204488
670961,0.574177048169076
1227999,0.323036262067035
598370,0.941343422746286
1084463,0.763200874906033
1202330,0.704376198817044
1322128,0.571336692664772
1202470,0.732470548711717
1174388,0.000523761147633195
670682,0.74240711890161
1098638,0.910995402140543
1354142,0.765204862225801
1134702,0.914172913413495
509333,0.748304588487372
660169,0.546586783370003
1343347,0.827858346980065
608302,0.592623490840197
1219208,0.700149246957153
659304,0.09805469494313
1202436,0.617481668945402
1150391,0.910347094060853
1151234,0.0613620022777468
1335779,0.979021313134581
1202355,0.395332803716883
577799,0.198115292238072
1290283,0.0591613019350916
577796,0.151648907223716
1234443,0.249054821906611
671174,0.586324538569897
782207,0.707293234532699
1138577,0.520759498234838
569594,0.3093243597541
1235365,0.79483997519128
1285725,0.12716332427226
1313270,0.318398569244891
1235478,0.807904386194423
604529,0.119205333059654
1324485,0.449030664749444
1134766,0.130953797372058
635044,0.507938928669319
1326618,0.700227738823742
1322067,0.536443044664338
1343346,0.0073140780441463
1214495,0.0914034247398376
1360298,0.661445928504691
657372,0.352998751215637
1228104,0.539404165931046
1114678,0.153053789399564
598494,0.204788611270487
1326881,0.712775606196374
1329206,0.229217011714354
1300947,0.439061367418617
1301082,0.446102221030742
680080,0.0355243547819555
660117,0.702406031545252
569706,0.346257317811251
1235331,0.00642701843753457
1343397,0.372140384977683
1327071,0.491977712837979
539528,0.0123833012767136
604538,0.0336420857347548
529396,0.125986059661955
1202800,0.711110972333699
1335469,0.705436724238098
1296357,0.561164286918938
1229771,0.423314190935344
1305291,0.714252715930343
1174288,0.682822384638712
1184443,0.108695826958865
1313226,0.448421204229817
1329290,0.578554582316428
1305309,0.862634293735027
1292323,0.75451740110293
577679,0.157242360059172
569570,0.960521076573059
1138375,0.401922465069219
1150942,0.296342710731551
1235800,0.536267151124775
1098923,0.0161183977033943
1305255,0.26548979897052
1235593,0.414850952802226
1202214,0.212933008791879
1150430,0.445430275518447
1146223,0.943251882912591
1227302,0.223021973855793
1229255,0.423040983499959
1300640,0.0498101559933275
680185,0.380881443852559
531594,0.457840121351182
680186,0.742850929033011
1327200,0.682868925156072
1198958,0.768756643636152
1322551,0.991321585373953
1099159,0.309618307743222
1336199,0.173641725443304
1206383,0.324240179499611
679364,0.705998469376937
517683,0.654823883902282
1199042,0.684825396863744
1198807,0.279705333989114
1343281,0.58677944727242
626377,0.196580494055524
1214676,0.587371859000996
1227974,0.702766825444996
1324214,0.942066994961351
1154897,0.760693859308958
1098794,0.0224477753508836
1227406,0.602165332529694
1162225,0.849520724499598
507212,0.376965501811355
610266,0.444229274056852
557569,0.978476708754897
1092232,0.899250895017758
1202210,0.122783483937383
1343354,0.908376588951796
1174285,0.0738301251549274
1151587,0.450911533087492
670759,0.642742691095918
1084445,0.914655317785218
1202555,0.89663657033816
1166313,0.564171462785453
1151309,0.656694613862783
1227669,0.126527585554868
1300867,0.192969185533002
1296423,0.931467555696145
1343375,0.744984200922772
1174449,0.77635837206617
608317,0.273146714316681
1110247,0.531632465310395
612605,0.275959260761738
659908,0.405454674037173
670808,0.281900512520224
1353873,0.0262477130163461
1361233,0.23806817876175
1235710,0.0506217456422746
1288214,0.472930785268545
1194216,0.181635010289028
1277705,0.696092693135142
1146276,0.441002766601741
634849,0.582605258561671
1335333,0.152092231437564
1321435,0.189289881149307
670914,0.850239180959761
1353284,0.36099923029542
660235,0.269559890963137
670471,0.760050775017589
539567,0.0473199244588614
1285376,0.86955000506714
1184306,0.704538479447365
1292336,0.664383042370901
1345321,0.137886243406683
1114322,0.326763896271586
1227865,0.469266726169735
1188299,0.779620375018567
1098901,0.740798841230571
1307251,0.646837891079485
557668,0.84035633597523
1345249,0.133075710386038
598527,0.737205353798345
1114943,0.343590178526938
1106483,0.83650781866163
679782,0.737041433108971
1158307,0.0371180581860244
1324626,0.626970368437469
1335391,0.140486698364839
614545,0.747659938177094
1151567,0.205741280457005
679499,0.999621102120727
1184266,0.610019826795906
1305354,0.88044767989777
1150676,0.518890936858952
1228047,0.257933082524687
1301074,0.329118935391307
659960,0.220055937068537
1151250,0.0618734862655401
1166348,0.649338616291061
1151247,0.412192718591541
1202478,0.0313016774598509
1326877,0.651106203673407
1146397,0.871847407659516
1277382,0.962982610333711
680025,0.82687821611762
555326,0.9130146112293
1151526,0.0334546703379601
557644,0.0109104881994426
1300983,0.723015208495781
1134337,0.0179346927907318
1202822,0.940245232079178
1353684,0.742525751469657
1335416,0.661225849529728
920247,0.635533632710576
1329328,0.377606428228319
1106528,0.0216331677511334
671183,0.519678430166095
1096424,0.0823833507020026
1322276,0.351661717751995
1138550,0.966791944811121
1151395,0.621616248274222
1313231,0.818864887813106
614465,0.93398731155321
1326936,0.409326204797253
1098378,0.512788209598511
509397,0.481688609346747
679245,0.245486998464912
1305349,0.540255919331685
1305350,0.507695966167375
1235454,0.146430396242067
1102217,0.67908238992095
1353398,0.959024981595576
1235295,0.935226488625631
1174254,0.517082136357203
577706,0.779806623002514
1292284,0.893814149778336
1296474,0.924112731125206
1235564,0.443545110989362
1092534,0.130333770764992
1271324,0.524680340662599
1353617,0.727020191960037
1300371,0.90393119584769
670978,0.970103649422526
1214699,0.326656272867694
608283,0.69988960120827
1361272,0.904342405265197
1329304,0.939167259726673
519367,0.372398499399424
1353259,0.38923448161222
598481,0.638334669405594
1134705,0.310850518988445
1336189,0.418182253139094
666212,0.626031056512147
1300803,0.88403696520254
666306,0.0215987709816545
1329245,0.874157455051318
557659,0.159697444876656
569666,0.538105811923742
1285502,0.494411319028586
1098331,0.900196537841111
509487,0.349096356425434
671137,0.0119463859591633
1150953,0.474830607650802
1110302,0.486363522708416
1202506,0.351427560672164
1335474,0.279588178964332
543615,0.69707313971594
1138906,0.935226966626942
1277663,0.646642673527822
1114316,0.897852275753394
1214892,0.217412308324128
1225210,0.551770218648016
1184414,0.778674115194008
1235588,0.073862744262442
1098509,0.5148093290627
1345338,0.527069105766714
614589,0.251068362733349
612617,0.964448992628604
1202493,0.413126011611894
1150901,0.847254277206957
1329473,0.0290542005095631
1154784,0.15766513068229
1150763,0.0752932634204626
1360468,0.781085894443095
1138955,0.191845882916823
1285957,0.33262524753809
604465,0.665223714429885
670365,0.137399330269545
577783,0.172450646292418
1327012,0.361324179451913
1277399,0.812046172795817
659511,0.544099313206971
634813,0.617008122382686
1188342,0.125283384229988
1150724,0.187315446324646
659901,0.405376262962818
1150514,0.254345104331151
1184442,0.0235395301133394
1158370,0.396508241072297
1227210,0.545026144012809
539557,0.931750188115984
1096212,0.68715156824328
1138610,0.731078726239502
565495,0.116298367036507
670548,0.229624301195145
1151338,0.376218082383275
1277368,0.496060950215906
680111,0.963255372364074
1277320,0.502425543731079
1335609,0.503492541844025
1345499,0.659466191194952
670921,0.673779657110572
1166287,0.827408540062606
539533,0.320620863931254
1324552,0.310713036451489
1277653,0.48386258049868
670537,0.0112698713783175
1202597,0.607392027275637
1319687,0.996687470469624
1294216,0.0275485019665211
1322594,0.976241287309676
1138410,0.565434560412541
1098576,0.900476234033704
1285570,0.827045050915331
1214829,0.866775091970339
1092258,0.371134349144995
1098504,0.986542099388316
1326404,0.958937732037157
1154247,0.956218405393884
1319491,0.499875035136938
1345396,0.087269289419055
1072478,0.80685715097934
1138720,0.335459511028603
634896,0.276125196833163
598495,0.99561126739718
1150637,0.265777091262862
1098876,0.713526786537841
1098679,0.46378605812788
1188588,0.768541365163401
920227,0.827857300639153
920288,0.473462491296232
1196252,0.903659914620221
1296329,0.277049785014242
1118228,0.295525836059824
664327,0.378192039672285
1292245,0.586101382039487
1154827,0.28351147682406
1118244,0.285577849252149
1072387,0.766420092433691
1184214,0.247761159902439
659624,0.377312891185284
1277450,0.785546742379665
604608,0.946189943235368
1098995,0.120700523257256
1076290,0.282682147808373
1353615,0.540720571996644
673303,0.370016775792465
1300527,0.14445313019678
1092519,0.121418284485117
529302,0.575980417430401
1353656,0.169355002697557
1345366,0.322608883026987
666210,0.0337029104121029
1321669,0.229083626298234
1235746,0.894784696400166
1196255,0.986698692897335
1098911,0.517378634540364
569587,0.858762465650216
1235386,0.917797377798706
1324294,0.107629256555811
586313,0.963433067547157
614732,0.696691403863952
1206409,0.183613392757252
1106587,0.175876849330962
1227518,0.95326205319725
1174286,0.383319079410285
1084468,0.969595847185701
537635,0.432074747979641
1235500,0.239992792485282
1305352,0.468198147136718
1286066,0.978024232434109
614637,0.0407349031884223
509452,0.191595214884728
1326556,0.420633074361831
529360,0.489460418699309
1229635,0.523120731581002
1227914,0.45995160494931
598525,0.615490288706496
1234273,0.229093230562285
659655,0.79188340716064
1151210,0.173801027936861
1188666,0.546349573414773
1305289,0.245337387081236
1313334,0.271367874229327
1345334,0.840624652337283
1227763,0.504969492321834
1114865,0.626677462365478
1151556,0.984896978130564
666315,0.682066814508289
1198492,0.262582554714754
521975,0.0132621666416526
1326739,0.251234681811184
1151215,0.561885136179626
1138460,0.494630943285301
1098314,0.304581158095971
1146494,0.66060492862016
537855,0.492815301986411
1092486,0.270284703234211
670842,0.412624506512657
1324469,0.30338825751096
1235693,0.113557451637462
1290253,0.998002876993269
664325,0.190686942311004
1361254,0.901877602096647
1360590,0.268597499234602
1096251,0.292194223031402
1092236,0.880951734259725
1326683,0.576825442258269
577766,0.232055157190189
1321260,0.825393352890387
1324257,0.0317018225323409
1174370,0.33757316833362
1296385,0.502279584296048
1138586,0.991936912992969
1174490,0.870135790435597
577749,0.290474998531863
1300860,0.831343828467652
1096208,0.0189840546809137
537857,0.0527305195573717
1324441,0.596380801871419
1184256,0.472113297786564
569732,0.955912664067
1138404,0.275873015634716
614636,0.151933593209833
1198254,0.170721245929599
1294207,0.880291817244142
671081,0.804428455419838
1300453,0.109318482456729
1184470,0.406634826213121
1092319,0.61380331334658
1106207,0.543016533600166
664232,0.729382095625624
509435,0.157942174002528
1098571,0.271467327140272
1301139,0.785834407899529
604549,0.57970953383483
1198754,0.594798265490681
1324242,0.440663158195093
604540,0.611040228744969
1214720,0.854935146868229
529361,0.385049816453829
1096485,0.576523488387465
545814,0.514034488936886
1227619,0.670238371705636
1227318,0.803489666664973
521916,0.628977395826951
569665,0.942767733009532
1321308,0.320110288681462
1072320,0.650399232050404
543618,0.459299063542858
1072266,0.560097585897893
679795,0.866953131975606
529548,0.439832312753424
517516,0.767620149068534
1146389,0.475363757461309
1184517,0.00405111932195723
1202811,0.651419061236084
1084370,0.0107586593367159
1235109,0.81143414019607
1188695,0.942060988163576
557628,0.903955769725144
671019,0.82555665797554
1345468,0.277443856699392
1114243,0.359688486438245
1184252,0.569036381551996
1296492,0.549876359291375
537735,0.152312453137711
1296234,0.244015511358157
679664,0.917732879053801
1353215,0.330896115629002
614696,0.462325249798596
1106253,0.495159002952278
1235880,0.467572005232796
1098998,0.972763968165964
1313298,0.380913392174989
1292318,0.911944065941498
598590,0.0591764808632433
1343290,0.126600769115612
1138905,0.26070771785453
1229909,0.883607748663053
598413,0.0221046325750649
660146,0.298163529252633
679932,0.255046099657193
1271446,0.841632280731574
1092469,0.0743189950007945
1319585,0.555676458403468
1227268,0.291805195854977
1098229,0.133502774173394
660120,0.853403249755502
1271455,0.0513129450846463
539583,0.690605916781351
1279345,0.656343489419669
1300490,0.810898351250216
1114712,0.359816190088168
1150928,0.531467550899833
1326473,0.787765778368339
1138218,0.572086425730959
1134557,0.0964711315464228
1329349,0.624953752150759
1162207,0.80102367978543
1151586,0.825159338535741
614597,0.773962430423126
1188607,0.809116452466697
1138452,0.758629257325083
1154304,0.661201144335791
521997,0.757294385461137
1271508,0.286929914494976
1294218,0.683057904010639
1345357,0.990394562482834
1202433,0.533761510392651
539614,0.154514717170969
1151528,0.671156676253304
1230149,0.729725854936987
1329247,0.054227217566222
1166259,0.352856265380979
1138426,0.291243161307648
1335376,0.855926289455965
1305329,0.36710112914443
1092370,0.69371838006191
539581,0.328678249148652
1345284,0.966216873144731
1099033,0.927233868278563
1296418,0.966837527696043
1285655,0.686225756537169
1345372,0.660830750828609
1138556,0.709483368089423
1184249,0.37244790000841
1229466,0.677329858997837
1322570,0.943931178422645
543621,0.0337537811137736
1138321,0.294140275102109
614526,0.343072139890864
1319451,0.638790932716802
1114537,0.15383537299931
509395,0.496094275964424
679487,0.463820300996304
1096406,0.583861985476688
1345411,0.106713456567377
586317,0.946564457146451
1114623,0.146936183562502
1151126,0.703657668782398
567586,0.587409483734518
614494,0.7680081743747
660203,0.0968797160312533
1154378,0.413862020708621
660134,0.108725670026615
1106531,0.79783027805388
1138609,0.765137578826398
1166242,0.541875396622345
1234690,0.953980414196849
1098497,0.551129699219018
1322064,0.500126943690702
679672,0.492561679100618
671005,0.707645169226453
1138914,0.427741627441719
1134334,0.247723297215998
1158257,0.735699861310422
1151229,0.118313151644543
1138629,0.361774729564786
1150442,0.821265169186518
1098773,0.717285898048431
1286004,0.311230392195284
1098983,0.279823760967702
1360501,0.661769495345652
1319490,0.275368572678417
673311,0.899314573034644
680092,0.979309268528596
1202293,0.291785742389038
1235939,0.574139456264675
1215125,0.913930141599849
1271222,0.492072940571234
1353765,0.927838612813503
1335520,0.826091343071312
664316,0.25786968623288
1214802,0.887303713010624
598530,0.425997722428292
1206434,0.623601203318685
1092385,0.258541750488803
1322463,0.130585936130956
670456,0.277801807736978
606482,0.421560800867155
1353524,0.438517048256472
1214819,0.48084797617048
1335237,0.787398836342618
1271457,0.202746208524331
509497,0.0470968186855316
1092214,0.00660061091184616
1279295,0.594357102410868
1301130,0.470686387270689
1134507,0.404543155804276
519344,0.924032496986911
1335937,0.821500531630591
626392,0.630409153178334
659572,0.163160493597388
1277565,0.589435508474708
660069,0.915438174968585
1329336,0.930535149760544
1138746,0.713531551184133
1196273,0.0724789379164577
1235784,0.675945381633937
1202710,0.563881027046591
1353220,0.270690855337307
1277731,0.0748042447958142
659934,0.790138484910131
1150443,0.0304177436046302
670889,0.613913130946457
547888,0.328528697835281
1198748,0.782676769187674
1300223,0.77948984852992
1227400,0.852314702235162
1225228,0.831498665735126
1227248,0.819398325169459
1146432,0.913801704766229
1166371,0.787525934632868
1285872,0.312439530156553
1138236,0.673822828801349
1229570,0.0204421787057072
614541,0.0509662390686572
1300269,0.825071551138535
1235542,0.386436226544902
1214835,0.997329778736457
1114826,0.835994115332142
1106675,0.174761103698984
545813,0.117852119030431
604425,0.375733016058803
1327198,0.972035794984549
1202332,0.748850090894848
1353799,0.368680730694905
1151133,0.933275684947148
1092431,0.397516419412568
1138445,0.71124562388286
1154550,0.130086942808703
1154950,0.213578408816829
1154661,0.316056265262887
1296428,0.895778692094609
1155000,0.710762459551916
1335929,0.414726711343974
1106768,0.166212621843442
509441,0.784089849796146
1214883,0.513654665555805
1285398,0.0645404348615557
1199049,0.0729494008701295
1099042,0.84009734261781
1321423,0.472711501643062
1353740,0.257244019303471
1106630,0.155135433655232
659528,0.59536594315432
659235,0.592863758094609
1196326,0.87237748154439
1353488,0.0243205977603793
1324442,0.945627790875733
1184378,0.192777920514345
1072252,0.897358900168911
1214863,0.993793167406693
679726,0.779347483301535
634828,0.607106517069042
1227508,0.343555225525051
604506,0.138083922676742
604457,0.0726665961556137
1099071,0.811198697425425
586329,0.84818520816043
1360356,0.252727918559685
557649,0.959803507430479
679819,0.994046630337834
1324637,0.741851553320885
1138711,0.731053989613429
1150363,0.59974082489498
1092309,0.323997393250465
1092413,0.0217751448508352
1198625,0.589142359793186
1285582,0.0199964933563024
555275,0.151667864993215
1198826,0.373509634518996
555341,0.545788718620315
537887,0.723226378438994
1202681,0.207581537077203
1296299,0.598957183538005
557684,0.0816757408902049
670617,0.0828956426121294
1353422,0.769778054207563
1098612,0.149459275649861
1360306,0.425501809222624
509427,0.522437137551606
269961,0.260029927594587
1319457,0.693617381388322
1202650,0.833003034582362
671088,0.0516714951954782
1142234,0.797029545996338
1154452,0.759905891260132
1138501,0.698133240453899
1151347,0.158304239390418
673229,0.0849915104918182
635139,0.358851414639503
1234971,0.670430500991642
1166381,0.358799368143082
664260,0.124924968928099
679706,0.0659618731588125
1110355,0.634949254570529
1300944,0.992073653964326
1300824,0.055839303182438
1199006,0.887231094995514
1214584,0.500344701809809
1234874,0.456741685746238
1202821,0.743636387400329
1150919,0.687451096717268
1353479,0.897503349464387
679637,0.584731756942347
1098987,0.17879378865473
604591,0.239714530296624
1321601,0.846580846467987
1138271,0.110392443835735
1114590,0.881060265703127
1322497,0.322893763892353
1150474,0.546070909360424
1324578,0.176757847191766
1134684,0.801075851079077
1324361,0.386506626848131
1353629,0.830111079383641
1286201,0.710869697853923
545742,0.661886563291773
614492,0.322609398979694
1327204,0.426902309991419
1354067,0.350342578720301
1134291,0.741193244932219
1114798,0.392963701859117
1235193,0.339169081067666
635133,0.22961722780019
1326801,0.294271042337641
659873,0.0834143513347954
1110321,0.177671081619337
1327163,0.150454883929342
1324207,0.281530325300992
1096331,0.995838629081845
1202244,0.844854161841795
606497,0.849980741739273
634986,0.179678501794115
664350,0.262391062220559
1166235,0.670370532665402
1106617,0.635443544946611
1099021,0.747315271291882
1214561,0.300311110913754
1345355,0.591305584879592
1327050,0.545308621833101
1229340,0.794518113834783
1365233,0.0243158335797489
1154900,0.0978003866039217
1290226,0.332536666188389
1188350,0.469058632617816
1184502,0.376295752823353
598451,0.995908856159076
569645,0.0253429869189858
1326795,0.884306133491918
1286312,0.366301006404683
1098919,0.590078139677644
1092403,0.432669229339808
1227312,0.579490676056594
1229214,0.930512720020488
1271418,0.716202026465908
1096537,0.480869979364797
1300856,0.537438275059685
1343282,0.493391274707392
1285400,0.334090011427179
1134439,0.546079929452389
1235458,0.751637406647205
1292287,0.725568450288847
1150925,0.949964912375435
614553,0.308728847652674
1235432,0.868042862974107
1092523,0.111059701070189
1321739,0.975462657399476
1327241,0.0935943440999836
1300421,0.0152673462871462
1150811,0.343942840117961
1324212,0.924200608162209
565612,0.750123491277918
1345358,0.168240323429927
1292329,0.25594544922933
1327275,0.54948298400268
1277686,0.459073373815045
1292298,0.505525424843654
1114721,0.793799934675917
1335310,0.877058473415673
1134373,0.228833168046549
964224,0.550979767227545
531590,0.775620720814914
1235211,0.0870708266738802
1235222,0.150731296511367
1106376,0.376747416099533
1098515,0.0304024526849389
586253,0.703250572318211
1188655,0.961019677110016
1335263,0.14726226311177
1202315,0.767587807029486
614544,0.303495904896408
1324241,0.692337880376726
1313267,0.00470475549809635
1292299,0.421150939073414
1072259,0.668016404146329
1354162,0.658327623968944
1134340,0.576883326284587
1327255,0.306935200700536
1174395,0.882166130235419
1326452,0.536978646880016
1271454,0.336504731327295
1353749,0.725152946542948
1235750,0.891544563462958
670599,0.177626091754064
1154967,0.641492868773639
517507,0.210783015238121
1198954,0.955926480237395
1324331,0.385997913079336
1150628,0.352049382869154
920320,0.150499161565676
1154373,0.279884810559452
1154382,0.00760992802679539
1154929,0.705417457735166
1098591,0.69785728235729
1321623,0.954033621121198
1146284,0.389905685558915
1335531,0.974326268769801
1286219,0.639524436322972
1184535,0.227021285332739
1329337,0.149660750525072
1114270,0.424119630362839
1188689,0.513310831505805
1277664,0.288388773798943
1322198,0.820198610890657
1227348,0.889661131193861
1326407,0.710730539169163
557671,0.0919740684330463
1072319,0.512895422521979
1360434,0.665742004988715
1202216,0.380061859032139
1202324,0.866132460534573
1286274,0.687724862713367
1092471,0.293887745356187
679614,0.478157430887222
614710,0.756518545094877
557697,0.73862168402411
1138827,0.315287302015349
1353525,0.0126991814468056
1154806,0.317248687148094
1170407,0.827618260635063
1335412,0.703786140074953
666336,0.96637547435239
670700,0.881023559020832
1102291,0.424780638189986
1150446,0.0485395039431751
1072232,0.727130788611248
1271267,0.129487622063607
1154802,0.864902707748115
1151365,0.326410700799897
1151079,0.878216028446332
1092269,0.516809517517686
577687,0.668081360403448
529536,0.0416910292115062
1151103,0.474558363668621
1235842,0.0128555460833013
577764,0.492049099178985
1188509,0.721219489816576
1321896,0.167316458886489
1235183,0.514644512906671
1321211,0.0808354415930808
1324478,0.642364895902574
1214782,0.646476085297763
1194298,0.0369551843032241
1227923,0.574809556128457
577794,0.22276004194282
1096612,0.265913334907964
1301034,0.143105070572346
673255,0.581929327454418
1114509,0.325585037004203
1202680,0.313846825156361
1166253,0.565918116364628
1271251,0.70124644995667
1229547,0.982982508838177
659858,0.194744435139
1301097,0.941098820418119
1092231,0.500858521088958
1138479,0.735838711028919
679356,0.541170766344294
1198765,0.370960554573685
1098305,0.635933694895357
1326886,0.804887656355277
1106670,0.224052473669872
1138475,0.390424130251631
614606,0.425133324461058
610296,0.0450815409421921
1345340,0.0730489592533559
1271271,0.971870381152257
1151042,0.25355519191362
1114990,0.414618441835046
1335589,0.245915223378688
612622,0.373840598622337
565608,0.105601923074573
1321251,0.959141123341396
1227720,0.479019949445501
1184462,0.274577895645052
1235641,0.200271639972925
1321779,0.990724246483296
1098441,0.512261935742572
529500,0.18937181844376
1106546,0.607757258461788
612607,0.21410898049362
1301035,0.61369368666783
1092480,0.309235851280391
1327114,0.884348248364404
1114711,0.957170753506944
1322080,0.398883707355708
670997,0.870834107045084
1319327,0.516113552032039
586355,0.116784241283312
565557,0.49366298969835
1215139,0.799097879091278
1092545,0.511919635115191
1300280,0.105961120221764
547829,0.682002559071407
1271499,0.816666893195361
1206328,0.869570120470598
1098361,0.15044329338707
673228,0.635291752871126
1235227,0.802957572042942
659566,0.762372181052342
1202468,0.885106982663274
1106262,0.0191810394171625
1343209,0.664525009226054
1214822,0.429364997893572
1235580,0.841200980124995
1360512,0.0325615282636136
1202471,0.16607318376191
1327015,0.662296921014786
1146314,0.613587684929371
1151400,0.153907437575981
1227370,0.0207565892487764
1072376,0.176008090376854
1154743,0.234854016453028
1184260,0.520926478551701
1301075,0.238852930255234
1092528,0.62352487933822
614605,0.484696216881275
1235642,0.792004035320133
1353277,0.805586726870388
1229536,0.60507816914469
1184211,0.684946184512228
1198498,0.673943035537377
547723,0.242258380400017
1277819,0.811704542255029
1300935,0.214243753114715
1146278,0.509120499482378
539615,0.430543072987348
1151290,0.402510263258591
1335353,0.925822892924771
1326544,0.226087569724768
1326548,0.322088458342478
1198821,0.769098405493423
1092245,0.856071985792369
1326908,0.542972122086212
1166245,0.0156871452927589
1360411,0.858521110611036
659401,0.721254165284336
1110252,0.433152966666967
1300397,0.244587376480922
1114317,0.972614575643092
679720,0.693289933959022
1151246,0.888563994318247
537883,0.885418138699606
1110220,0.988810215843841
1326435,0.727451618295163
1234264,0.910320652415976
529508,0.372743294807151
1092352,0.111859545577317
1286064,0.240881062112749
1235916,0.537878382718191
1361241,0.445374929113314
1106649,0.5022584926337
1096564,0.076002060668543
1198875,0.157271292759106
1235242,0.089201889000833
1188650,0.499863144010305
1235671,0.377082512248307
1106567,0.49603465734981
1151297,0.379973964067176
671059,0.833265624940395
1279364,0.755027037346736
680078,0.802230585133657
598546,0.793153921375051
1174537,0.387608347227797
1098358,0.890507204225287
1353676,0.622291745850816
1098574,0.223213011398911
1321751,0.296045132447034
577778,0.195136240916327
659310,0.897612762171775
1321298,0.41511015011929
1166311,0.167085589142516
1188518,0.109062149887905
1296270,0.337084877770394
670348,0.391683598747477
1327148,0.700145993614569
1343286,0.768050118815154
598608,0.875976755516604
1202528,0.30627175187692
1194227,0.381430175155401
557698,0.725224221590906
1324272,0.0681186085566878
1166298,0.132026481907815
679865,0.347701175836846
1098299,0.692776599200442
1146392,0.731677007162943
1326716,0.033436605008319
1327167,0.725757557665929
1326549,0.780721408082172
1151257,0.586058255750686
1326918,0.35379147506319
1327100,0.638843102613464
1151501,0.344485383247957
1151468,0.558177869999781
1326242,0.175949972355738
660237,0.405728174140677
1106266,0.858631716109812
1150333,0.777652232209221
1227734,0.5654877491761
1146354,0.920067923609167
1277609,0.80634256824851
1300482,0.0417102980427444
1286222,0.713934627361596
1150920,0.000653114868327975
626372,0.740290931658819
671079,0.27927589439787
634686,0.535464052809402
1324463,0.781003794400021
1336046,0.88386210729368
1361258,0.765140407020226
1353687,0.866315127117559
1324645,0.390923386672512
1134779,0.477125661447644
1300368,0.468957050703466
1277505,0.186921956483275
1138799,0.990402253344655
529428,0.295545627363026
555339,0.697257444960997
1138260,0.604221357032657
679792,0.883385835913941
1174557,0.896043828921393
1322336,0.799177214503288
1158270,0.428875662852079
1110325,0.110452728578821
1292290,0.182819852139801
1345501,0.188278287416324
657349,0.448508281959221
657324,0.779210792388767
1296335,0.449736478505656
1206228,0.191094340756536
586333,0.771478763781488
614520,0.067008639452979
1114691,0.582508611492813
1271293,0.3300043316558
1150880,0.542593630030751
569591,0.546503517078236
569710,0.373995998408645
1354149,0.98920122673735
1092410,0.70320152817294
1099106,0.0977756925858557
1138323,0.871144084492698
1353570,0.0285661972593516
1096479,0.78585741808638
614600,0.152782307006419
1285229,0.832764808554202
1206369,0.500777019187808
964211,0.966947083827108
660003,0.60546488664113
1235163,0.429452709155157
1294255,0.741370955947787
1184267,0.954341205535457
1324358,0.371133694425225
1361244,0.134723593248054
1114228,0.104833968915045
1229355,0.00467037339694798
1327074,0.409894162090495
604451,0.193420403171331
569574,0.53267008648254
1110326,0.702416742686182
1151173,0.736940254457295
1326559,0.476753849070519
1110334,0.576852616621181
1092396,0.414068285375834
1198505,0.37429189751856
1229462,0.77646800945513
1099117,0.480052567087114
539562,0.897235200507566
1235792,0.66966871265322
588260,0.941176192602143
1114331,0.216674820519984
606411,0.281154283089563
1353695,0.380208139307797
1184466,0.971497498452663
1365223,0.521050508134067
1214629,0.143810249166563
1154946,0.67800975847058
1146350,0.548962410073727
659600,0.757635014830157
1134498,0.483968913322315
1138910,0.177023818017915
1154624,0.570845255162567
782219,0.775968215893954
519353,0.745218055089936
1335828,0.318173548905179
1300483,0.885440786369145
1092584,0.12471360899508
545598,0.0162245770916343
1194294,0.61467793234624
1214389,0.228959239087999
1214394,0.331128176301718
664382,0.275932446355
1202340,0.337255077436566
1154796,0.148992199450731
1206402,0.822467275895178
1102214,0.380227976478636
1335524,0.602979007177055
1227794,0.383864953415468
1271331,0.612115958239883
1155024,0.583547316724434
1155021,0.24016448832117
1174559,0.226504112128168
1106717,0.902360907290131
1324450,0.377545712981373
680125,0.638126055477187
1158269,0.434605831513181
1138814,0.176131261978298
1227372,0.306297573959455
521977,0.666313807945698
1114988,0.834500796161592
598576,0.494210304925218
1321240,0.980073565850034
612546,0.673910968238488
1319406,0.917186622973531
1319508,0.509265312226489
1354053,0.995038362685591
1277792,0.614772690227255
1138549,0.84619538881816
1324340,0.83407465997152
1114538,0.268406321061775
588246,0.25295363785699
1345421,0.690194532973692
598359,0.270766844740137
670592,0.648847438395023
679478,0.331171278608963
1072236,0.268135310150683
1229672,0.193573968019336
1072510,0.322828420903534
1214806,0.553393993061036
1202362,0.289717932930216
598459,0.849849274847656
1206388,0.798487808089703
1327206,0.752485585398972
1138542,0.533272831700742
614611,0.315106281545013
1134654,0.284420538693666
569817,0.63323135767132
1206305,0.924988630227745
1301177,0.92980104056187
545776,0.42701823846437
1235165,0.531217385083437
680058,0.728978269034997
1098443,0.253273049369454
1327028,0.744300665101036
598472,0.371534276055172
1150241,0.905114346882328
1114999,0.820136012742296
1300406,0.447960215620697
577811,0.739384237676859
1098909,0.694771820912138
1096430,0.751306415069848
1202677,0.750824196729809
608303,0.0739257382228971
1106698,0.482115003280342
1198790,0.650515498127788
1114565,0.566222457448021
1234994,0.638472494669259
1184245,0.597631723619998
1099090,0.994543641339988
569737,0.268988738534972
569745,0.0686644848901778
531623,0.832939988235012
1279305,0.23708018520847
1322078,0.949102100450546
529492,0.294152042130008
1106258,0.665316001046449
1096426,0.460275755729526
1092569,0.494569453410804
1326629,0.418208363698795
1326614,0.765561474720016
537726,0.241440059617162
1227303,0.39385611214675
1166217,0.369881845079362
1326449,0.32070368132554
1134547,0.697166114812717
1335235,0.162396962754428
1324566,0.826236788416281
1106474,0.890947019914165
1361276,0.942354188300669
1335483,0.280764904338866
634861,0.822077522054315
1277266,0.872899252222851
1102263,0.675172820687294
1353631,0.990855508251116
1353632,0.0650357059203088
1102264,0.0248641066718847
1158294,0.0433265625033528
1319544,0.609467192087322
1158321,0.529085027985275
1158231,0.390946478350088
1319515,0.0324837679509073
1158207,0.978008112404495
1206243,0.428432584973052
1151570,0.591241740621626
596429,0.214172542095184
1292267,0.00876902928575873
670830,0.00324804522097111
1326623,0.0483111317735165
670413,0.335064182057977
1313335,0.706725983181968
1092539,0.287676295964047
1326835,0.749926346354187
586290,0.497846188489348
1214237,0.338471034076065
1235860,0.842382443370298
1092420,0.463037606561556
1184489,0.625786257209256
1150253,0.680911285802722
1151481,0.360248019685969
1300227,0.986683894647285
1319655,0.778648050734773
1092509,0.109607219463214
1300704,0.845763546181843
1150327,0.818258601007983
606464,0.187207197071984
1285412,0.353012691019103
673241,0.508003255818039
569717,0.681022401200607
557636,0.475186606636271
1150962,0.697899715742096
1227531,0.196818672819063
1092551,0.715549433138222
1360458,0.715347833465785
1092485,0.273318040417507
1336009,0.580232047243044
1336192,0.967508071102202
577622,0.827965705655515
586243,0.242749499622732
1214279,0.372114335885271
577681,0.107694943668321
1099091,0.662826075218618
1188399,0.733660011785105
1326507,0.776763123692945
1277796,0.298187319654971
1329363,0.466685401275754
1150952,0.262028769124299
1285687,0.878304497106001
545801,0.170980046270415
1114796,0.367526615038514
1150721,0.316355486866087
1277697,0.51583744911477
659952,0.634174663806334
1166380,0.149138481821865
1098483,0.795819872291759
1285733,0.11002803617157
519252,0.297624548431486
1154206,0.232900982024148
1235867,0.0438869863282889
1235254,0.470991712762043
1300542,0.132903648074716
1229578,0.809383505024016
1322274,0.972281213849783
1313358,0.327107902616262
1151232,0.693983577657491
1150424,0.229271655436605
1184279,0.625121005112305
1158268,0.540910014417022
920362,0.0175582186784595
1106322,0.728596042608842
1321989,0.505215345416218
1345413,0.715500583406538
1138341,0.517876273486763
1327230,0.379625937901437
612515,0.984311019070446
547778,0.528717107372358
1343327,0.463084136834368
1099015,0.496247712755576
1214337,0.9910408614669
1114836,0.346850438974798
1138784,0.153380994219333
1114733,0.991267030825838
1360293,0.511023723287508
1326894,0.738259970908985
1158276,0.969373562606052
660233,0.928179320180789
569747,0.715779628138989
1188470,0.187486147275195
1092478,0.287631233688444
1215142,0.946880570147187
1235759,0.944270203821361
606435,0.4990593357943
